Dataset,AUC,Precision,Recall,F1-Score
engine_wiring,0.6411631846414455,0.6666666666666666,0.6459627329192547,0.6561514195583595
mvtec_ad_toothbrush,0.8,1.0,0.6,0.7499999999999999
mvtec_ad_capsule,0.6898148148148149,0.918918918918919,0.6296296296296297,0.7472527472527473
mvtec_ad_bottle,0.828125,1.0,0.65625,0.7924528301886793
mvtec_ad_hazelnut,0.9178571428571428,0.96875,0.8857142857142857,0.9253731343283582
